Sample_Index,Predicted_RUL,Alert_Level
0,41.75936,WARNING
1,40.282295,WARNING
2,39.05614,WARNING
3,39.425144,WARNING
4,38.4912,WARNING
5,37.90053,WARNING
6,37.27036,WARNING
7,36.314884,WARNING
8,34.912197,WARNING
9,31.890562,WARNING
10,29.40471,WARNING
11,26.706163,WARNING
12,25.323772,WARNING
13,22.944893,WARNING
14,20.55404,WARNING
15,16.990118,CRITICAL
16,14.825919,CRITICAL
17,13.561873,CRITICAL
18,13.091548,CRITICAL
19,12.66506,CRITICAL
20,12.17388,CRITICAL
21,12.024928,CRITICAL
22,11.404742,CRITICAL
23,10.904778,CRITICAL
24,10.651689,CRITICAL
25,10.947194,CRITICAL
26,11.257524,CRITICAL
27,11.602193,CRITICAL
240,49.879734,WARNING
246,49.169468,WARNING
247,48.263683,WARNING
248,46.466152,WARNING
249,44.87355,WARNING
250,43.98552,WARNING
251,42.781315,WARNING
252,43.86332,WARNING
253,44.45237,WARNING
254,43.965664,WARNING
255,44.017937,WARNING
256,46.021908,WARNING
257,45.871628,WARNING
258,42.282627,WARNING
259,40.986088,WARNING
260,37.07485,WARNING
261,34.399868,WARNING
262,31.492212,WARNING
263,27.50183,WARNING
264,25.050467,WARNING
265,20.415426,WARNING
266,14.109233,CRITICAL
267,8.421065,CRITICAL
268,8.648026,CRITICAL
269,11.346513,CRITICAL
270,13.752797,CRITICAL
271,14.928744,CRITICAL
272,15.98783,CRITICAL
273,15.628601,CRITICAL
274,16.38748,CRITICAL
275,16.898369,CRITICAL
276,15.2242,CRITICAL
277,13.428202,CRITICAL
278,12.764289,CRITICAL
279,11.560313,CRITICAL
280,9.674558,CRITICAL
281,7.8082314,CRITICAL
282,6.5563793,CRITICAL
283,6.2223873,CRITICAL
284,5.8789864,CRITICAL
285,5.8169985,CRITICAL
286,5.49732,CRITICAL
287,6.0294294,CRITICAL
288,5.708991,CRITICAL
289,5.2073274,CRITICAL
290,5.2920923,CRITICAL
464,48.993427,WARNING
465,46.602314,WARNING
466,39.754063,WARNING
467,38.260662,WARNING
468,36.67727,WARNING
469,32.192627,WARNING
470,30.712263,WARNING
471,30.723913,WARNING
472,31.567907,WARNING
473,33.485657,WARNING
474,32.850296,WARNING
475,31.190836,WARNING
476,30.826605,WARNING
477,31.43427,WARNING
478,32.50973,WARNING
479,34.422764,WARNING
480,33.980556,WARNING
481,33.16059,WARNING
482,32.40726,WARNING
483,29.257013,WARNING
484,28.234978,WARNING
485,28.472572,WARNING
486,27.585585,WARNING
487,24.462069,WARNING
488,22.169458,WARNING
489,23.225863,WARNING
490,22.832403,WARNING
491,21.283455,WARNING
492,19.700401,CRITICAL
493,19.038092,CRITICAL
494,21.539898,WARNING
495,19.265562,CRITICAL
496,20.054693,WARNING
497,18.361155,CRITICAL
498,15.815676,CRITICAL
499,13.593698,CRITICAL
500,14.737129,CRITICAL
501,16.553469,CRITICAL
502,13.19714,CRITICAL
503,13.032819,CRITICAL
504,10.844148,CRITICAL
505,9.020783,CRITICAL
506,8.038115,CRITICAL
507,9.5970335,CRITICAL
508,10.698038,CRITICAL
509,10.076446,CRITICAL
510,8.612779,CRITICAL
511,6.7712893,CRITICAL
512,6.474596,CRITICAL
513,6.012925,CRITICAL
514,5.100376,CRITICAL
515,4.8399386,CRITICAL
516,4.9521255,CRITICAL
517,4.608953,CRITICAL
518,4.3941545,CRITICAL
519,3.2535093,CRITICAL
520,2.9418325,CRITICAL
521,2.1886084,CRITICAL
522,2.2847235,CRITICAL
523,2.3400714,CRITICAL
524,2.3085706,CRITICAL
525,2.0500536,CRITICAL
526,1.9728453,CRITICAL
527,2.166208,CRITICAL
624,46.599598,WARNING
625,22.727198,WARNING
626,21.609081,WARNING
646,48.490093,WARNING
647,43.206425,WARNING
648,40.247448,WARNING
649,38.266468,WARNING
650,35.142395,WARNING
651,33.39062,WARNING
652,32.985077,WARNING
653,31.892612,WARNING
654,35.891346,WARNING
655,37.795177,WARNING
656,33.72176,WARNING
657,31.944555,WARNING
658,29.041788,WARNING
659,25.82888,WARNING
660,21.648123,WARNING
661,19.406008,CRITICAL
662,19.504719,CRITICAL
663,19.700472,CRITICAL
664,19.781218,CRITICAL
665,18.986792,CRITICAL
666,16.827562,CRITICAL
667,15.449141,CRITICAL
668,15.019265,CRITICAL
669,15.453377,CRITICAL
670,12.733432,CRITICAL
671,11.63234,CRITICAL
672,10.730113,CRITICAL
673,8.468346,CRITICAL
674,7.112829,CRITICAL
675,7.1080456,CRITICAL
676,6.799323,CRITICAL
677,5.3037596,CRITICAL
678,5.943486,CRITICAL
679,5.6947117,CRITICAL
680,5.0674267,CRITICAL
681,4.754611,CRITICAL
682,4.2539887,CRITICAL
683,4.1146936,CRITICAL
684,3.4843833,CRITICAL
685,2.980202,CRITICAL
840,19.089592,CRITICAL
879,47.742798,WARNING
880,46.499638,WARNING
881,48.78371,WARNING
882,47.735214,WARNING
883,46.20981,WARNING
884,46.625607,WARNING
885,47.636124,WARNING
886,45.654285,WARNING
887,44.42776,WARNING
888,45.419506,WARNING
889,41.989315,WARNING
890,43.708035,WARNING
891,40.95665,WARNING
892,36.49154,WARNING
893,32.90128,WARNING
894,28.411474,WARNING
895,27.96025,WARNING
896,25.84293,WARNING
897,26.017,WARNING
898,25.1534,WARNING
899,25.612558,WARNING
900,24.820387,WARNING
901,23.550695,WARNING
902,20.632708,WARNING
903,19.008173,CRITICAL
904,17.591791,CRITICAL
905,16.368856,CRITICAL
906,14.621285,CRITICAL
907,14.201201,CRITICAL
908,14.68192,CRITICAL
909,15.185651,CRITICAL
910,14.315238,CRITICAL
911,13.582065,CRITICAL
912,13.97342,CRITICAL
913,12.985374,CRITICAL
914,12.382796,CRITICAL
915,11.310985,CRITICAL
916,11.046787,CRITICAL
917,9.206169,CRITICAL
918,9.003353,CRITICAL
919,7.5397453,CRITICAL
920,5.740665,CRITICAL
921,6.1909094,CRITICAL
922,5.5007744,CRITICAL
923,4.9404926,CRITICAL
924,4.537506,CRITICAL
925,4.6228747,CRITICAL
926,4.215467,CRITICAL
927,4.882023,CRITICAL
928,3.7872195,CRITICAL
929,4.061101,CRITICAL
930,3.702707,CRITICAL
931,3.667549,CRITICAL
932,3.174988,CRITICAL
933,2.872771,CRITICAL
1017,44.97674,WARNING
1018,7.722277,CRITICAL
1019,37.311146,WARNING
1036,48.972816,WARNING
1037,46.83139,WARNING
1038,46.604366,WARNING
1039,44.217655,WARNING
1040,41.558125,WARNING
1041,43.634136,WARNING
1042,45.51443,WARNING
1043,43.8394,WARNING
1044,48.034687,WARNING
1045,47.49213,WARNING
1046,44.633667,WARNING
1047,44.384056,WARNING
1048,40.42809,WARNING
1049,37.684475,WARNING
1050,34.100163,WARNING
1051,31.077755,WARNING
1052,29.278902,WARNING
1053,25.536219,WARNING
1054,23.810959,WARNING
1055,24.378653,WARNING
1056,22.631828,WARNING
1057,21.032984,WARNING
1058,19.13644,CRITICAL
1059,17.900093,CRITICAL
1060,17.981382,CRITICAL
1061,16.078289,CRITICAL
1062,13.323897,CRITICAL
1063,12.258946,CRITICAL
1064,11.7403755,CRITICAL
1065,11.0630045,CRITICAL
1066,10.482653,CRITICAL
1067,10.358626,CRITICAL
1068,9.620709,CRITICAL
1069,9.1018305,CRITICAL
1070,9.63285,CRITICAL
1071,8.043201,CRITICAL
1072,7.7220135,CRITICAL
1073,8.333293,CRITICAL
1074,7.1243944,CRITICAL
1075,5.8841243,CRITICAL
1076,4.665163,CRITICAL
1077,4.7260933,CRITICAL
1078,4.0086417,CRITICAL
1079,3.1513178,CRITICAL
1080,3.0236251,CRITICAL
1081,2.5503483,CRITICAL
1215,49.33904,WARNING
1216,47.807163,WARNING
1217,44.768826,WARNING
1218,37.251926,WARNING
1219,31.81283,WARNING
1220,27.054853,WARNING
1221,21.39959,WARNING
1222,11.83961,CRITICAL
1223,9.404755,CRITICAL
1224,18.670633,CRITICAL
1225,24.988092,WARNING
1226,25.8411,WARNING
1227,27.872519,WARNING
1228,30.460396,WARNING
1229,31.548306,WARNING
1230,31.235256,WARNING
1231,31.469961,WARNING
1232,35.74474,WARNING
1233,34.607777,WARNING
1234,31.451794,WARNING
1235,32.49861,WARNING
1236,30.682478,WARNING
1237,30.506124,WARNING
1238,28.67608,WARNING
1239,26.843431,WARNING
1240,25.470987,WARNING
1241,23.927889,WARNING
1242,22.0583,WARNING
1243,20.656813,WARNING
1244,19.153582,CRITICAL
1245,19.033304,CRITICAL
1246,17.338827,CRITICAL
1247,15.047986,CRITICAL
1248,14.270556,CRITICAL
1249,13.353199,CRITICAL
1250,11.991075,CRITICAL
1251,11.795572,CRITICAL
1252,10.342217,CRITICAL
1253,9.559806,CRITICAL
1254,9.467397,CRITICAL
1255,8.20294,CRITICAL
1256,7.285742,CRITICAL
1257,6.7383537,CRITICAL
1258,6.7306776,CRITICAL
1259,6.2110186,CRITICAL
1260,6.246109,CRITICAL
1261,5.571906,CRITICAL
1262,5.3269215,CRITICAL
1263,4.856227,CRITICAL
1264,4.7716746,CRITICAL
1408,45.93283,WARNING
1409,44.888996,WARNING
1410,40.454044,WARNING
1411,36.613888,WARNING
1412,35.678757,WARNING
1413,29.124218,WARNING
1414,22.901772,WARNING
1415,15.761367,CRITICAL
1416,9.308835,CRITICAL
1417,8.5328245,CRITICAL
1418,14.854256,CRITICAL
1419,19.979628,CRITICAL
1420,22.864931,WARNING
1421,25.13518,WARNING
1422,25.524597,WARNING
1423,27.536821,WARNING
1424,27.662659,WARNING
1425,27.628075,WARNING
1426,26.103119,WARNING
1427,26.607264,WARNING
1428,28.34279,WARNING
1429,27.17436,WARNING
1430,23.812391,WARNING
1431,20.39451,WARNING
1432,18.257055,CRITICAL
1433,15.307124,CRITICAL
1434,13.4102125,CRITICAL
1435,12.026747,CRITICAL
1436,11.907756,CRITICAL
1437,9.807052,CRITICAL
1438,8.136753,CRITICAL
1439,7.0264354,CRITICAL
1440,6.831292,CRITICAL
1441,6.341365,CRITICAL
1442,4.9599576,CRITICAL
1443,5.539277,CRITICAL
1444,5.5296106,CRITICAL
1445,4.8913145,CRITICAL
1446,4.6660805,CRITICAL
1447,4.307828,CRITICAL
1448,3.8979127,CRITICAL
1449,3.849469,CRITICAL
1450,3.688991,CRITICAL
1451,3.381932,CRITICAL
1550,48.465885,WARNING
1551,45.250546,WARNING
1552,42.475018,WARNING
1553,41.193478,WARNING
1554,36.965324,WARNING
1555,33.815544,WARNING
1556,26.914267,WARNING
1557,22.367052,WARNING
1558,15.034095,CRITICAL
1559,8.874743,CRITICAL
1560,6.8386993,CRITICAL
1561,9.344558,CRITICAL
1562,13.316171,CRITICAL
1563,14.274933,CRITICAL
1564,13.591271,CRITICAL
1565,12.243655,CRITICAL
1566,13.573319,CRITICAL
1567,13.473756,CRITICAL
1568,13.055486,CRITICAL
1569,11.424195,CRITICAL
1570,12.216123,CRITICAL
1571,10.702734,CRITICAL
1572,9.1331415,CRITICAL
1573,7.7197685,CRITICAL
1574,6.467742,CRITICAL
1575,4.610711,CRITICAL
1641,47.038593,WARNING
1642,46.439026,WARNING
1643,46.424046,WARNING
1644,45.231907,WARNING
1645,43.17896,WARNING
1646,41.688023,WARNING
1647,40.81702,WARNING
1648,40.78871,WARNING
1649,42.381157,WARNING
1650,38.761654,WARNING
1651,37.11864,WARNING
1652,37.245716,WARNING
1653,34.866367,WARNING
1654,34.47676,WARNING
1655,32.724483,WARNING
1656,32.52965,WARNING
1657,29.803377,WARNING
1658,27.245184,WARNING
1659,23.671862,WARNING
1660,21.525038,WARNING
1661,22.677622,WARNING
1662,21.934412,WARNING
1663,22.250513,WARNING
1664,21.701273,WARNING
1665,20.2236,WARNING
1666,19.094812,CRITICAL
1667,17.708834,CRITICAL
1668,15.009232,CRITICAL
1669,14.603097,CRITICAL
1670,12.941428,CRITICAL
1671,12.6536665,CRITICAL
1672,10.097557,CRITICAL
1673,8.6668825,CRITICAL
1674,6.9512687,CRITICAL
1675,6.892083,CRITICAL
1676,6.8371415,CRITICAL
1677,7.3299007,CRITICAL
1678,6.3113527,CRITICAL
1679,5.8718853,CRITICAL
1680,4.5523167,CRITICAL
1899,47.583614,WARNING
1900,44.46401,WARNING
1901,39.265816,WARNING
1902,37.80131,WARNING
1903,42.3896,WARNING
1904,43.95516,WARNING
1905,40.474934,WARNING
1906,38.568317,WARNING
1907,41.10177,WARNING
1908,42.508877,WARNING
1909,42.41344,WARNING
1910,37.34409,WARNING
1911,25.61537,WARNING
1912,14.658868,CRITICAL
1913,7.7940364,CRITICAL
1914,18.965443,CRITICAL
1915,29.62325,WARNING
1916,38.238346,WARNING
1917,42.476337,WARNING
1918,46.724,WARNING
1919,47.61716,WARNING
1920,46.31873,WARNING
1921,44.31592,WARNING
1922,41.45683,WARNING
1923,41.472065,WARNING
1924,42.37871,WARNING
1925,40.36902,WARNING
1926,39.15328,WARNING
1927,39.798077,WARNING
1928,35.62871,WARNING
1929,32.71009,WARNING
1930,32.563137,WARNING
1931,33.232647,WARNING
1932,34.93902,WARNING
1933,37.698406,WARNING
1934,36.691837,WARNING
1935,35.527843,WARNING
1936,33.52254,WARNING
1937,32.31737,WARNING
1938,28.681787,WARNING
1939,25.55145,WARNING
1940,24.754477,WARNING
1941,22.193481,WARNING
1942,20.78861,WARNING
1943,22.505566,WARNING
1944,22.618778,WARNING
1945,23.086725,WARNING
1946,23.58605,WARNING
1947,23.59197,WARNING
1948,22.092825,WARNING
1949,22.398645,WARNING
1950,20.80258,WARNING
1951,19.440928,CRITICAL
1952,20.48033,WARNING
1953,20.287811,WARNING
1954,19.233418,CRITICAL
1955,17.966272,CRITICAL
1956,18.529364,CRITICAL
1957,17.090008,CRITICAL
1958,13.928218,CRITICAL
1959,13.808663,CRITICAL
1960,13.809772,CRITICAL
1961,13.353772,CRITICAL
1962,12.241622,CRITICAL
1963,11.663056,CRITICAL
1964,11.873975,CRITICAL
1965,11.674813,CRITICAL
1966,13.560865,CRITICAL
1967,12.943164,CRITICAL
1968,12.012475,CRITICAL
1969,10.63672,CRITICAL
1970,9.364394,CRITICAL
1971,7.384903,CRITICAL
1972,6.16311,CRITICAL
1973,6.046833,CRITICAL
1974,6.0614038,CRITICAL
1975,5.8673763,CRITICAL
1976,5.967248,CRITICAL
1977,6.1965227,CRITICAL
1978,6.7007937,CRITICAL
1979,6.008271,CRITICAL
1980,5.50967,CRITICAL
1981,5.9992533,CRITICAL
1982,5.720399,CRITICAL
1983,5.205118,CRITICAL
1984,5.032687,CRITICAL
1985,4.634944,CRITICAL
1986,4.376498,CRITICAL
1987,4.1272984,CRITICAL
1988,3.9759853,CRITICAL
1989,3.7334192,CRITICAL
1990,3.6218336,CRITICAL
1991,3.3898075,CRITICAL
2093,48.673428,WARNING
2094,43.659508,WARNING
2095,36.31534,WARNING
2096,28.762037,WARNING
2097,16.997465,CRITICAL
2098,8.228292,CRITICAL
2099,7.9682083,CRITICAL
2100,13.244962,CRITICAL
2101,19.86393,CRITICAL
2102,22.302122,WARNING
2103,23.993185,WARNING
2104,24.29412,WARNING
2105,23.679949,WARNING
2106,21.517622,WARNING
2107,17.803453,CRITICAL
2108,16.64437,CRITICAL
2109,14.433422,CRITICAL
2110,12.287946,CRITICAL
2111,9.590404,CRITICAL
2112,8.483094,CRITICAL
2113,6.2792444,CRITICAL
2114,5.974637,CRITICAL
2115,5.463329,CRITICAL
2116,4.7220354,CRITICAL
2276,48.295452,WARNING
2277,48.316257,WARNING
2278,46.407013,WARNING
2279,44.851116,WARNING
2280,45.43,WARNING
2281,43.103104,WARNING
2282,40.96613,WARNING
2283,40.205624,WARNING
2284,40.878857,WARNING
2285,41.225014,WARNING
2286,40.139885,WARNING
2287,38.869312,WARNING
2288,37.26862,WARNING
2289,34.806446,WARNING
2290,30.895046,WARNING
2291,31.504684,WARNING
2292,31.858976,WARNING
2293,31.707766,WARNING
2294,27.391197,WARNING
2295,25.92483,WARNING
2296,28.94282,WARNING
2297,25.922632,WARNING
2298,24.456831,WARNING
2299,23.211803,WARNING
2300,23.146338,WARNING
2301,20.956842,WARNING
2302,21.033092,WARNING
2303,21.397509,WARNING
2304,20.45025,WARNING
2305,20.805334,WARNING
2306,18.655958,CRITICAL
2307,16.055897,CRITICAL
2308,15.768708,CRITICAL
2309,15.275857,CRITICAL
2310,12.140256,CRITICAL
2311,10.745132,CRITICAL
2312,11.162127,CRITICAL
2313,11.664236,CRITICAL
2314,9.699259,CRITICAL
2315,8.756732,CRITICAL
2316,8.452088,CRITICAL
2317,9.367112,CRITICAL
2318,8.556486,CRITICAL
2319,8.483344,CRITICAL
2320,7.629148,CRITICAL
2321,7.304601,CRITICAL
2322,5.5762687,CRITICAL
2323,4.7218237,CRITICAL
2324,3.5214486,CRITICAL
2325,3.577656,CRITICAL
2326,3.104114,CRITICAL
2327,2.5668826,CRITICAL
2328,2.8537176,CRITICAL
2329,2.8017209,CRITICAL
2330,2.6337972,CRITICAL
2331,2.5165386,CRITICAL
2332,2.5062456,CRITICAL
2333,2.1661112,CRITICAL
2334,2.1127653,CRITICAL
2335,2.092083,CRITICAL
2336,2.1217995,CRITICAL
2337,2.2659523,CRITICAL
2338,2.3340683,CRITICAL
2339,2.2873023,CRITICAL
2340,2.5284479,CRITICAL
2341,2.5522778,CRITICAL
2342,2.560253,CRITICAL
2343,2.6337698,CRITICAL
2344,2.748298,CRITICAL
2547,46.966915,WARNING
2548,48.105824,WARNING
2549,45.990765,WARNING
2550,46.797466,WARNING
2551,44.866947,WARNING
2552,44.331043,WARNING
2553,43.365078,WARNING
2554,41.92255,WARNING
2555,41.816532,WARNING
2556,41.531075,WARNING
2557,41.329636,WARNING
2558,40.905445,WARNING
2559,40.02929,WARNING
2560,38.36393,WARNING
2561,37.90658,WARNING
2562,37.2299,WARNING
2563,37.340893,WARNING
2564,36.270367,WARNING
2565,34.798016,WARNING
2566,33.51002,WARNING
2567,32.89325,WARNING
2568,31.394165,WARNING
2569,28.726404,WARNING
2570,25.11199,WARNING
2571,20.306952,WARNING
2572,16.783873,CRITICAL
2573,14.472895,CRITICAL
2574,13.667285,CRITICAL
2575,12.887154,CRITICAL
2576,11.823156,CRITICAL
2577,11.361876,CRITICAL
2578,10.755986,CRITICAL
2579,10.554095,CRITICAL
2580,9.874957,CRITICAL
2581,9.565628,CRITICAL
2582,9.378782,CRITICAL
2583,9.248604,CRITICAL
2584,9.078831,CRITICAL
2585,8.525306,CRITICAL
2586,7.3706503,CRITICAL
2587,7.2821794,CRITICAL
2588,6.357291,CRITICAL
2589,5.8621087,CRITICAL
2590,5.5444956,CRITICAL
2591,5.4711027,CRITICAL
2592,5.571593,CRITICAL
2593,5.4343452,CRITICAL
2594,5.6749268,CRITICAL
2595,5.7603574,CRITICAL
2596,5.683533,CRITICAL
2597,5.8005548,CRITICAL
2825,46.158833,WARNING
2833,48.24962,WARNING
2834,36.927727,WARNING
2835,26.73736,WARNING
2836,19.149506,CRITICAL
2837,6.870622,CRITICAL
2838,24.95933,WARNING
2839,42.860886,WARNING
2842,48.966236,WARNING
2843,49.47109,WARNING
2844,47.22347,WARNING
2845,43.546574,WARNING
2846,45.127937,WARNING
2847,46.313374,WARNING
2848,42.708942,WARNING
2849,46.365772,WARNING
2850,46.684895,WARNING
2851,44.06725,WARNING
2852,41.80318,WARNING
2853,41.68989,WARNING
2854,37.082115,WARNING
2855,34.01117,WARNING
2856,33.153347,WARNING
2857,29.773216,WARNING
2858,28.807642,WARNING
2859,27.315683,WARNING
2860,27.382317,WARNING
2861,25.80459,WARNING
2862,24.833515,WARNING
2863,23.068384,WARNING
2864,24.1672,WARNING
2865,22.36519,WARNING
2866,21.066505,WARNING
2867,21.897303,WARNING
2868,21.600195,WARNING
2869,20.258307,WARNING
2870,19.59906,CRITICAL
2871,18.709904,CRITICAL
2872,16.26652,CRITICAL
2873,16.682432,CRITICAL
2874,18.530708,CRITICAL
2875,18.392252,CRITICAL
2876,18.476847,CRITICAL
2877,16.81241,CRITICAL
2878,15.144462,CRITICAL
2879,14.528983,CRITICAL
2880,12.900219,CRITICAL
2881,12.596801,CRITICAL
2882,10.2677145,CRITICAL
2883,9.639581,CRITICAL
2884,10.536091,CRITICAL
2885,9.422241,CRITICAL
2886,9.11979,CRITICAL
2887,9.5041895,CRITICAL
2888,8.953384,CRITICAL
2889,9.29136,CRITICAL
2890,8.873142,CRITICAL
2891,8.939616,CRITICAL
2892,7.766514,CRITICAL
2893,6.023188,CRITICAL
2894,5.1332984,CRITICAL
2895,5.1694155,CRITICAL
2896,4.3551917,CRITICAL
2897,4.0713253,CRITICAL
2898,3.923432,CRITICAL
2899,3.7910702,CRITICAL
2900,3.8959527,CRITICAL
2901,3.6264567,CRITICAL
2902,3.7169697,CRITICAL
2903,3.6616738,CRITICAL
3034,49.13148,WARNING
3035,47.458035,WARNING
3036,44.985928,WARNING
3037,42.279316,WARNING
3038,40.338688,WARNING
3039,40.133606,WARNING
3040,39.5864,WARNING
3041,40.217045,WARNING
3042,38.76563,WARNING
3043,39.404476,WARNING
3044,37.159065,WARNING
3045,35.855328,WARNING
3046,32.461033,WARNING
3047,29.176294,WARNING
3048,25.96346,WARNING
3049,23.453672,WARNING
3050,20.188335,WARNING
3051,17.106573,CRITICAL
3052,14.325915,CRITICAL
3053,12.40544,CRITICAL
3054,10.526427,CRITICAL
3055,9.9892025,CRITICAL
3056,9.625585,CRITICAL
3057,9.520093,CRITICAL
3058,9.321732,CRITICAL
3059,9.01072,CRITICAL
3060,7.577512,CRITICAL
3061,6.4823046,CRITICAL
3062,5.9577246,CRITICAL
3063,5.8213816,CRITICAL
3064,5.804058,CRITICAL
3065,5.8623004,CRITICAL
3066,5.910407,CRITICAL
3067,6.155151,CRITICAL
3068,6.0597396,CRITICAL
3069,6.240734,CRITICAL
3070,6.2859674,CRITICAL
3071,6.4391127,CRITICAL
3072,6.819636,CRITICAL
3073,7.3279862,CRITICAL
3074,7.3554897,CRITICAL
3075,7.6178064,CRITICAL
3167,49.29983,WARNING
3168,47.241734,WARNING
3169,49.076183,WARNING
3170,48.963634,WARNING
3171,47.81523,WARNING
3172,44.26276,WARNING
3173,43.159534,WARNING
3174,43.785816,WARNING
3175,42.446632,WARNING
3176,37.28863,WARNING
3177,36.500328,WARNING
3178,37.668262,WARNING
3179,34.646862,WARNING
3180,31.268763,WARNING
3181,28.52452,WARNING
3182,24.74214,WARNING
3183,18.88926,CRITICAL
3184,12.779342,CRITICAL
3185,7.876521,CRITICAL
3186,8.193694,CRITICAL
3187,12.133763,CRITICAL
3188,14.032224,CRITICAL
3189,14.152908,CRITICAL
3190,13.707352,CRITICAL
3191,12.728238,CRITICAL
3192,12.587813,CRITICAL
3193,10.347434,CRITICAL
3194,8.195942,CRITICAL
3195,8.7043705,CRITICAL
3196,8.003593,CRITICAL
3197,6.7136993,CRITICAL
3198,5.76123,CRITICAL
3199,5.30544,CRITICAL
3200,5.390294,CRITICAL
3201,5.1234136,CRITICAL
3321,49.4882,WARNING
3322,45.8754,WARNING
3323,45.856747,WARNING
3324,39.1269,WARNING
3325,33.288425,WARNING
3326,26.310211,WARNING
3327,20.034325,WARNING
3328,9.037053,CRITICAL
3329,11.341018,CRITICAL
3330,21.743185,WARNING
3331,28.040873,WARNING
3332,31.216957,WARNING
3333,32.66094,WARNING
3334,31.522396,WARNING
3335,27.133646,WARNING
3336,26.567286,WARNING
3337,26.858637,WARNING
3338,23.935986,WARNING
3339,21.762701,WARNING
3340,17.123535,CRITICAL
3341,16.322737,CRITICAL
3342,14.608337,CRITICAL
3343,13.445498,CRITICAL
3344,13.1559725,CRITICAL
3345,12.678351,CRITICAL
3346,11.394183,CRITICAL
3347,9.985368,CRITICAL
3348,9.714404,CRITICAL
3349,8.97835,CRITICAL
3350,7.638788,CRITICAL
3351,5.565145,CRITICAL
3352,4.7460814,CRITICAL
3353,4.0909686,CRITICAL
3354,3.8010483,CRITICAL
3355,3.584006,CRITICAL
3356,3.398341,CRITICAL
3473,17.299398,CRITICAL
3474,49.920315,WARNING
3486,49.98552,WARNING
3487,48.024406,WARNING
3488,48.999218,WARNING
3490,46.8713,WARNING
3491,44.072567,WARNING
3492,38.307533,WARNING
3493,35.286182,WARNING
3494,33.436146,WARNING
3495,31.0599,WARNING
3496,30.912985,WARNING
3497,28.209581,WARNING
3498,27.227129,WARNING
3499,27.227835,WARNING
3500,24.632385,WARNING
3501,24.646862,WARNING
3502,26.397312,WARNING
3503,26.25368,WARNING
3504,24.04011,WARNING
3505,22.552547,WARNING
3506,21.301971,WARNING
3507,20.756678,WARNING
3508,20.313196,WARNING
3509,17.945002,CRITICAL
3510,16.344751,CRITICAL
3511,15.032357,CRITICAL
3512,16.155119,CRITICAL
3513,15.430352,CRITICAL
3514,14.46004,CRITICAL
3515,11.857909,CRITICAL
3516,10.318007,CRITICAL
3517,8.568233,CRITICAL
3518,7.4435716,CRITICAL
3519,7.0708137,CRITICAL
3520,7.202285,CRITICAL
3521,6.630515,CRITICAL
3522,5.907902,CRITICAL
3523,5.404972,CRITICAL
3524,5.3966246,CRITICAL
3525,4.837399,CRITICAL
3526,4.372087,CRITICAL
